name,source,gender,wikidata,type
Addis-Abeba-Platz,wikidata,,Q3624,way
Ahorngasse,wikidata,,Q42292,way
"Alte Dübener Landstraße",wikidata,,Q12041,relation+way
"Am Mückenschlößchen",wikidata,,Q49238140,way
Amazonstraße,wikidata,,Q3884,way
Amselweg,wikidata,,Q25234,way
"An der Alten Mühle",wikidata,,Q180997,way
"An der Autobahn",wikidata,,Q46622,way
BMW-Allee,wikidata,,Q26678,way
Bäckergasse,wikidata,,Q160131,way
Balderstraße,wikidata,,Q131658,way
Bergweg,wikidata,,Q8502,way
"Berliner Straße",wikidata,,Q1457069,way
Bernadotteweg,wikidata,,Q65097240,way
Birkengasse,wikidata,,Q25243,way
"Bornaische Straße",wikidata,,Q10744,way
"Brandenburger Straße",wikidata,,Q3931,way
"Breitenfelder Straße",wikidata,,Q873362,way
Brühl,wikidata,,Q30198,way
Brunhildstraße,wikidata,,Q850506,way
Buchengasse,wikidata,,Q25403,way
Burgplatz,wikidata,,Q880657,relation+way
Burgstraße,wikidata,,Q880657,way
"Delitzscher Straße",wikidata,,Q12052,way
"Dingolfinger Straße",wikidata,,Q225909,way
Dohlenweg,wikidata,,Q25345384,way
Don-Carlos-Straße,wikidata,,Q50764148,way
Donarstraße,wikidata,,Q42952,way
"Dösner Straße",wikidata,,Q1271509,way
Drosselweg,wikidata,,Q26050,way
Elsterstraße,wikidata,,Q44729,way
Forsetistraße,wikidata,,Q62548,way
Frau-Holle-Weg,wikidata,,Q19196838,way
Fullaweg,wikidata,,Q847429,way
Funkenburgstraße,wikidata,,Q1474350,way
Gewandgäßchen,wikidata,,Q519613,way
"Göbschelwitzer Straße",wikidata,,Q1559171,way
"Grimmaische Straße",wikidata,,Q10780,way
Grimmweg,wikidata,,Q2793;Q6701;Q6714,way
Gudrunstraße,wikidata,,Q1257834,way
Gutsweg,wikidata,,Q12292478,way
Heimdallstraße,wikidata,,Q131196,way
"Hohe Heide",wikidata,,Q1313431,way
"Holzhäuser Straße",wikidata,,Q1625540,way
Hotherstraße,wikidata,,Q204900,way
Idunweg,wikidata,,Q204691,way
Karl-Helbig-Straße,wikidata,,,way
Karl-Moor-Weg,wikidata,,Q55618403,way
Kastanienstraße,wikidata,,Q129324,way
Kastorweg,wikidata,,Q11294144,way
Kolonnadenstraße,wikidata,,Q657100,way
Kornweg,wikidata,,Q12117,way
Kranichweg,wikidata,,Q4764,way
Kriemhildstraße,wikidata,,Q1257834,way
Kuckucksweg,wikidata,,Q18845,way
Kupfergasse,wikidata,,Q753,way
"Lausicker Straße",wikidata,,Q10739,way
Lermastraße,wikidata,,Q54998954,way
Lermontowstraße,wikidata,,Q18399418,way
Les-Epesses-Straße,wikidata,,Q288657,way
"Leutzscher Allee",wikidata,,Q879866,way
Lindengasse,wikidata,,Q127849,way
"Lützner Straße",wikidata,,Q517174,way
Magazingasse,wikidata,,Q114768,way
"Merkwitzer Straße",wikidata,,Q22693034,way
"Merseburger Straße",wikidata,,Q14945,way
Messe-Allee,wikidata,,Q57305,way
Michaelisstraße,wikidata,,Q45581,way
Mühlgrabenweg,wikidata,,Q736691,way
Nachtigallenweg,wikidata,,Q25393,way
"Naunhofer Straße",wikidata,,Q10771,way
Nikolaistraße,wikidata,,Q694286,way
Petersstraße,wikidata,,Q436073,way
"Platz des 20. Juli 1944",wikidata,,Q105570,way
"Plauensche Straße",wikidata,,Q3952,way
"Plaußiger Weg",wikidata,,Q2098961,way
"Podelwitzer Weg",wikidata,,Q2100222,way
Polluxweg,wikidata,,Q12046224,way
Posastraße,wikidata,,Q63487053,way
Poststraße,wikidata,,Q157645,way
"Prager Straße",wikidata,,Q1085,way
Ratsfreischulstraße,wikidata,,Q2132863,way
"Regensburger Straße",wikidata,,Q2978,way
Reichsstraße,wikidata,,Q883276,way
Ritterstraße,wikidata,,Q102083,way
Roßplatz,wikidata,,Q1759735,way
"Schönauer Straße",wikidata,,Q1069555,way
Schuhmachergäßchen,wikidata,,Q152355,way
Schulgasse,wikidata,,Q3914,way
Schwalbenweg,wikidata,,Q39861,way
"Seehausener Allee",wikidata,,Q2264934,way
Seeweg,wikidata,,Q85842470,way
Siegfriedplatz,wikidata,,Q537554,way
Siegfriedstraße,wikidata,,Q537554,way
Storchenweg,wikidata,,Q28507,way
Tellweg,wikidata,,Q30908,way
"Torgauer Straße",wikidata,,Q12062,way
Universitätsstraße,wikidata,,Q154804,way
Waldstraße,wikidata,,Q2541972,way
"Wettiner Straße",wikidata,,Q152909,way
Wodanstraße,wikidata,,Q43610,way
Zaunkönigweg,wikidata,,Q25740,way
Ziustraße,wikidata,,Q172713,way
"Zwickauer Straße",wikidata,,Q3778,way
"Aachener Straße",,,,way
"Abtnaundorfer Straße",,,,way
Achatstraße,,,,way
Ackerweg,,,,way
Adlershelmstraße,,,,way
Adolf-Koppe-Straße,,,,way
Agnesstraße,,,,way
Agricolastraße,,,,way
Ahornstraße,,,,way
Akazienweg,,,,way
Akeleiweg,,,,way
"Albersdorfer Straße",,,,way
"Albersdorfer Weg",,,,way
Albert-Vollsack-Straße,,,,way
Albrecht-Dürer-Straße,,,,way
"Albrechtshainer Straße",,,,way
Alexanderstraße,,,,way
Alfred-Schurig-Straße,,,,way
"Alte Baumschule",,,,way
"Alte Burghausener Straße",,,,way
"Alte Dorfstraße",,,,way
"Alte Gärtnerei",,,,way
"Alte Hohe Straße",,,,way
"Alte Holzhausener Straße",,,,way
"Alte Messe",,,,way
"Alte Parkstraße",,,,way
"Alte Salzstraße",,,,relation+way
"Alte Seehausener Straße",,,,way
"Alte Straße",,,,way
"Alte Tauchaer Straße",,,,way
"Alte Theklaer Straße",,,,way
"Altenburger Straße",,,,way
"Alter Amtshof",,,,way
"Alter Hauptweg",,,,way
"Alter Kirchweg",,,,way
"Alter Marktweg",,,,way
"Altes Dorf",,,,way
"Althener Anger",,,,way
"Althener Straße",,,,way
"Altranstädter Straße",,,,way
"Am Alten Bahnhof",,,,way
"Am Alten Flugfeld",,,,way
"Am Alten Mühlgraben",,,,way
"Am Anger",,,,way
"Am Angerteich",,,,way
"Am Auenwald",,,,way
"Am Bahndamm",,,,way
"Am Bahnhof",,,,way
"Am Barnecker Gut",,,,way
"Am Bauernsteg",,,,way
"Am Bauernteich",,,,way
"Am Bildersaal",,,,way
"Am Bischofsholz",,,,way
"Am Bogen",,,,way
"Am Börnchen",,,,way
"Am Brunnen",,,,way
"Am Doppeladler",,,,way
"Am Dorfplatz",,,,way
"Am Dorfteich",,,,way
"Am Eichberg",,,,way
"Am Eichenbogen",,,,way
"Am Eichwinkel",,,,way
"Am Elsterbogen",,,,way
"Am Elsterwehr",,,,way
"Am Eselshaus",,,,way
"Am Eulengraben",,,,way
"Am Exer",,,,way
"Am Exerzierplatz",,,,way
"Am Feld",,,,way
"Am Feldrain",,,,way
"Am Fischerhaus",,,,way
"Am Flößgen",,,,way
"Am Flügelrad",,,,way
"Am Freibad",,,,way
"Am Fuchsbau",,,,way
"Am Gänseanger",,,,way
"Am Gartenverein",,,,way
"Am Geleinholz",,,,way
"Am Gothischen Bad",,,,way
"Am Grund",,,,way
"Am Gundorfer Teich",,,,way
"Am Güterring",,,,way
"Am Gutspark",,,,way
"Am Hallischen Tor",,,,way
"Am Hasenberg",,,,way
"Am Hasengraben",,,,way
"Am Hirtenhaus",,,,way
"Am Hohen Graben",,,,way
"Am Hohlweg",,,,way
"Am Hufeisen",,,,way
"Am Jägerhaus",,,,way
"Am Kellerberg",,,,way
"Am Keulenberg",,,,way
"Am Kirschberg",,,,way
"Am Klosterfeld",,,,way
"Am Klucksgraben",,,,way
"Am Künstlerbogen",,,,way
"Am Lindenhof",,,,way
"Am Lösegraben",,,,way
"Am Luppedeich",,,,way
"Am Meilenstein",,,,way
"Am Mühlgraben",,,,way
"Am Niederholz",,,,way
"Am Ochsenwinkel",,,,way
"Am Osthang",,,,way
"Am Parkteich",,,,way
"Am Pfarrfelde",,,,way
"Am Pfefferbrückchen",,,,way
"Am Pfingstanger",,,,way
"Am Pösgraben",,,,way
"Am Rain",,,,way
"Am Rennsteig",,,,way
"Am Ring",,,,way
"Am Ritterschlößchen",,,,way
"Am Rodeland",,,,way
"Am Röschenhof",,,,way
"Am Russischen Garten",,,,way
"Am Sandberg",,,,way
"Am Schäferhügel",,,,way
"Am Schaukelgraben",,,,way
"Am Schenkberg",,,,way
"Am Schwalbennest",,,,way
"Am Silo",,,,way
"Am Sommerfeld",,,,way
"Am Sonneneck",,,,way
"Am Sonnenwinkel",,,,way
"Am Sperrtor",,,,way
"Am Sportforum",,,,way
"Am Sportpark",,,,way
"Am Stausee",,,,way
"Am Tanzplan",,,,way
"Am Teich",,,,way
"Am Teilungswehr",,,,way
"Am Tore",,,,way
"Am Turnplatz",,,,way
"Am Übergang",,,,way
"Am Viadukt",,,,way
"Am Volksgut",,,,way
"Am Vorwerk",,,,way
"Am Wachauer Wäldchen",,,,way
"Am Wassergraben",,,,way
"Am Wasserschloß",,,,way
"Am Wasserturm",,,,way
"Am Wasserwerk",,,,way
"Am Wegekreuz",,,,way
"Am Wiesenblick",,,,way
"Am Wolfswinkel",,,,way
"Am Zuckmantel",,,,way
"Am alten Flughafen",,,,way
"Am alten Gasthof",,,,way
"Am kleinen Feld",,,,way
"Am krummen Graben",,,,way
"Am langen Felde",,,,way
"Am langen Teiche",,,,way
Amalie-Winter-Platz,,,,way
Amalienstraße,,,,way
Amboldweg,,,,way
Ameisenstraße,,,,way
Ammernplatz,,,,way
Ammernweg,,,,way
"Amorbacher Straße",,,,way
Amselgrund,,,,way
Amselhöhe,,,,way
Amselnest,,,,way
Amselstraße,,,,way
"Amstetter Weg",,,,way
"An den Birken",,,,way
"An den Krutschen",,,,way
"An den Linden",,,,way
"An den Pferdnerkabeln",,,,way
"An den Platanen",,,,way
"An den Theklafeldern",,,,way
"An den Tierkliniken",,,,way
"An der Alten Post",,,,way
"An der Bahn",,,,way
"An der Brauerei",,,,way
"An der Brücke",,,,way
"An der Burgaue",,,,way
"An der Eisenbahn",,,,way
"An der Elster",,,,way
"An der Fasanerie",,,,way
"An der Feuerwache",,,,way
"An der Feuerwehr",,,,way
"An der Friedenseiche",,,,way
"An der Gänseweide",,,,way
"An der Gärtnerei",,,,way
"An der Grundschule",,,,way
"An der Hainkirche",,,,way
"An der Hauptstraße",,,,way
"An der Hebemärchte",,,,way
"An der Hufschmiede",,,,way
"An der Kaninchenfarm",,,,way
"An der Kegelbahn",,,,way
"An der Kirche",,,,way
"An der Kirchgasse",,,,way
"An der Kirschallee",,,,way
"An der Kotsche",,,,way
"An der Lautsche",,,,way
"An der Lehde",,,,way
"An der Luppe",,,,way
"An der Märchenwiese",,,,way
"An der Meusdorfer Höhe",,,,way
"An der Milchinsel",,,,way
"An der Mühle",,,,way
"An der Mühlpleiße",,,,way
"An der Parthe",,,,way
"An der Querbreite",,,,way
"An der Rehwiese",,,,way
"An der Salzstraße",,,,way
"An der Sandgrube",,,,way
"An der Schäferei",,,,way
"An der Schule",,,,way
"An der Siedlung",,,,way
"An der Spitze",,,,way
"An der Streuobstwiese",,,,way
"An der Tabaksmühle",,,,way
"An der Teichmühle",,,,way
"An der Telle",,,,way
"An der Trift",,,,way
"An der Verfassungslinde",,,,way
"An der Vogelweide",,,,way
"An der Weide",,,,way
"An der Wendeschleife",,,,way
"An der Wiese",,,,way
"An der Windmühle",,,,way
Andersenweg,,,,way
Andreasstraße,,,,way
Andromedaweg,,,,way
Anemonenweg,,,,way
Angersiedlung,,,,way
Angerstraße,,,,way
"Anhalter Straße",,,,way
"Anlage 3 - Mittelgang",,,,way
"Annaberger Straße",,,,way
Annenstraße,,,,way
"Ansbacher Straße",,,,way
Anton-Zickmantel-Straße,,,,way
"Apels Garten",,,,way
Apelsteinweg,,,,way
Apfelweg,,,,way
Apitzschgasse,,,,way
"Apoldaer Weg",,,,way
Apostelstraße,,,,way
Aprikosenweg,,,,way
Arlandbogen,,,,way
Arminiushof,,,,way
"Arndts Hufen",,,,way
Arnikaweg,,,,way
Arno-Nitzsche-Straße,,,,way
Arnoldplatz,,,,way
"Arnstädter Kehre",,,,way
Arthur-Hausmann-Straße,,,,way
Arthur-Heidrich-Platz,,,,way
Arthur-Polenz-Straße,,,,way
Arthur-Thiele-Weg,,,,way
Arthur-Winkler-Straße,,,,way
"Aschaffenburger Straße",,,,way
Aschenbrödelweg,,,,way
Asternweg,,,,way
Atriumstraße,,,,way
Aue,,,,way
Auenblick,,,,way
Auenblickstraße,,,,way
Auengrund,,,,way
"Auenhainer Straße",,,,way
Auenseestraße,,,,way
Auenstraße,,,,way
Auenweg,,,,way
Auerbachplatz,,,,way
Auerhahnsteig,,,,way
"Auf dem Colmberg",,,,way
"Auf der Höhe",,,,way
August-Knauer-Straße,,,,way
August-Scheibe-Straße,,,,way
Auguste-Schulze-Straße,,,,way
Augustenstraße,,,,way
Augustinerstraße,,,,way
Aurelienstraße,,,,way
"Auschwitzer Straße",,,,way
Ausgang,,,,way
Außenring,,,,way
Außenweg,,,,way
"Äußere Auenblickstraße",,,,way
"Äußere Mühlenstraße",,,,way
"Äußerer Zeisigweg",,,,way
"Autohof Leipzig Nord",,,,way
Azaleenstraße,,,,way
Azaleenweg,,,,way
"BMW Teststrecke",,,,way
"Baalsdorfer Anger",,,,way
"Baalsdorfer Straße",,,,way
Bachenpfad,,,,way
Bachstelzenweg,,,,way
Badergasse,,,,way
Badeweg,,,,way
Bahnhofsallee,,,,way
Bahnhofstraße,,,,way
Bahnstraße,,,,way
"Bamberger Straße",,,,way
Barbarastraße,,,,way
Bärenburgrundgang,,,,way
"Bärenfelser Weg",,,,way
Barfußgäßchen,,,,way
Barfußpfad,,,,way
Bärlauchweg,,,,way
"Barnecker Steg",,,,way
"Barnecker Straße",,,,way
"Barthels Hof",,,,way
Basilikumweg,,,,way
Basteistraße,,,,way
Bauerngrabenstraße,,,,way
Bauhofstraße,,,,way
Baumannstraße,,,,way
Baumeister-Günther-Straße,,,,way
Baumeyerstraße,,,,way
Baumschulenweg,,,,way
"Baumwipfelpfad mit Hängebrücken",,,,way
Baumwipfelweg,,,,way
"Bautzner Straße",,,,way
"Bayreuther Straße",,,,way
"Bayrischer Platz",,,,way
Begonienweg,,,,way
"Bei der Krähenhütte",,,,way
Beipertstraße,,,,way
Benediktusstraße,,,,way
Bennigsenstraße,,,,way
Berberitzenstraße,,,,way
Bergahornstraße,,,,way
Bergerstraße,,,,way
Berggartenstraße,,,,way
Berggartenweg,,,,way
Bergstraße,,,,way
"Berkaer Weg",,,,way
"Bernburger Straße",,,,way
Bernhardstraße,,,,way
Bernsteinstraße,,,,way
Berthastraße,,,,way
"Beuchaer Straße",,,,way
Beuthstraße,,,,way
Biberpfad,,,,way
"Bibraer Weg",,,,way
Bielastraße,,,,way
Bienenweg,,,,way
Bienenwinkel,,,,way
Bienitzblick,,,,way
Bienitzstraße,,,,way
Binsengrund,,,,way
"Binzer Straße",,,,way
Birkenpilzweg,,,,way
Birkenring,,,,way
Birkenstraße,,,,way
Birkenwald,,,,relation+way
Birkenwäldchen,,,,way
Birkenweg,,,,way
Birkhahnsteig,,,,way
Bisamstraße,,,,way
Bischofstraße,,,,way
"Bitterfelder Straße",,,,way
"Blankenburger Straße",,,,way
"Blauer Hecht",,,,way
Blaufichtenweg,,,,way
Blaumeisenweg,,,,way
Blausternweg,,,,way
Blindengarten,,,,way
Blumenbogen,,,,way
Blumenstraße,,,,way
Blumenweg,,,,way
Blümleinsteg,,,,way
Blüthnersteg,,,,way
"Bochumer Straße",,,,way
Bodenreformweg,,,,way
Bogenweg,,,,way
Bogislawstraße,,,,way
"Böhlitzer Mühle",,,,way
"Borkumer Weg",,,,way
"Bornaer Straße",,,,way
Borngasse,,,,way
"Borsdorfer Straße",,,,way
"Bösdorfer Ring",,,,way
"Bösdorfer Straße",,,,way
Böttchergäßchen,,,,way
Böttcherweg,,,,way
Böttgerstraße,,,,way
"Brambacher Straße",,,,way
Brandensteinstraße,,,,way
"Brandiser Straße",,,,way
Brandstraße,,,,way
Brandvorwerkstraße,,,,way
Brauereistraße,,,,way
"Braunschweiger Straße",,,,way
Braustraße,,,,way
Braustraßenbrücke,,,,way
Brehmestraße,,,,way
Breisgaustraße,,,,way
"Breite Allee",,,,way
"Breite Straße",,,,way
"Breiter Weg",,,,way
Breiteweg,,,,way
Breitscheidstraße,,,,way
Breitschuhstraße,,,,way
"Bremer Straße",,,,way
"Bremer Weg",,,,way
Brentanostraße,,,,way
"Breslauer Straße",,,,way
Bretschneiderstraße,,,,way
Breunsdorffstraße,,,,way
"Brodauer Weg",,,,way
Brombeerweg,,,,way
Brösigkestraße,,,,way
Brücke,,,,way
Brückenstraße,,,,way
Brückwaldstraße,,,,way
Brüderstraße,,,,way
Brüderweg,,,,way
Brühl-Arkade,,,,way
Brunnenstraße,,,,way
Brunnenweg,,,,way
"Brünner Straße",,,,way
"Buchener Straße",,,,way
Buchenwaldstraße,,,,way
Buchenweg,,,,way
Buchfinkenweg,,,,way
Bucksdorffstraße,,,,way
Bülowviertel,,,,relation
Bünaustraße,,,,way
Buntspechtweg,,,,way
Burgauenstraße,,,,way
"Burghausener Straße",,,,way
"Burgstädter Straße",,,,way
Burgundenstraße,,,,way
"Bus Stop",,,,way
Buschenaustraße,,,,way
Bussardweg,,,,way
Buttergasse,,,,way
Büttnerstraße,,,,way
Büttnerweg,,,,way
Cäcilienstraße,,,,way
Calaustraße,,,,way
Cannaweg,,,,way
Carl-Hampel-Platz,,,,way
Carl-Hinné-Straße,,,,way
Carl-Meyer-Straße,,,,way
Carl-Munde-Straße,,,,way
Carl-Weichelt-Straße,,,,way
Carusbrücke,,,,way
Carusstraße,,,,way
Charlottenstraße,,,,way
Charlottenweg,,,,way
"Chemnitzer Straße",,,,way
Cheruskerstraße,,,,way
Christian-Schmid-Straße,,,,way
Christian-Wille-Weg,,,,way
Christianstraße,,,,way
Christoph-Schubert-Straße,,,,way
Chrysanthemenweg,,,,way
"Cletzener Weg",,,,way
"Cleudner Straße",,,,way
"Coblenzer Straße",,,,way
"Colberger Weg",,,,way
Colmbergsiedlung,,,,way
Colmblick,,,,way
"Connewitzer Straße",,,,way
Corkscrew,,,,way
"Cöthner Straße",,,,way
"Cradefelder Straße",,,,way
Crednerstraße,,,,way
"Crensitzer Weg",,,,way
"Cröbener Weg",,,,way
"Cröberner Straße",,,,way
"Crottendorfer Straße",,,,way
"Cunnersdorfer Straße",,,,way
Curiestraße,,,,way
"Curve di Lesmo",,,,way
"Dachauer Straße",,,,way
Dachsstraße,,,,way
Dahlienstraße,,,,way
Dahlienweg,,,,way
Damaschkeweg,,,,way
Dammstraße,,,,way
Dammteichweg,,,,way
Dankwartstraße,,,,way
Däumlingsweg,,,,way
Deiwitzweg,,,,way
"Delitzscher Landstraße",,,,way
Demetriusweg,,,,way
Demmeringstraße,,,,way
Denkmalsallee,,,,way
Denkmalsblick,,,,way
Denkmalsweg,,,,way
"Dennewitzer Straße",,,,way
"Dessauer Straße",,,,way
"Deutsche Einheit",,,,way
"Deutscher Platz",,,,way
"Deutsches Heim",,,,way
Diakonissenstraße,,,,way
Diamantstraße,,,,way
"Die Linie",,,,way
Dieskaustraße,,,,way
Dimpfelstraße,,,,way
Dinkelweg,,,,way
Dittrichstraße,,,,way
"Döbelner Straße",,,,way
Dohnaweg,,,,way
"Dölitzer Straße",,,,way
Döllingstraße,,,,way
"Dölziger Straße",,,,way
"Dölziger Weg",,,,way
Dorettenring,,,,way
Dorfplatz,,,,way
"Dorfplatz Stünz",,,,relation
Dorfstraße,,,,way
Döringstraße,,,,way
"Dornburger Weg",,,,way
Dornröschenweg,,,,way
Dorotheenplatz,,,,way
Dorotheenring,,,,way
Dörrienstraße,,,,way
Dorstigstraße,,,,way
"Dortmunder Straße",,,,way
"Dösner Weg",,,,way
Dreiecksweg,,,,way
Dreilindenstraße,,,,way
Drescherweg,,,,way
"Dresdner Straße",,,,way
Drosselgrund,,,,way
Drosselhang,,,,way
Drosselnest,,,,way
Druckereistraße,,,,way
"Dübener Landstraße",,,,way
"Dudweiler Straße",,,,way
"Durch die Felder",,,,way
"Dürnsteiner Weg",,,,way
"Dürrenberger Straße",,,,way
Ebenholzweg,,,,way
Ebereschenweg,,,,way
Eberlestraße,,,,way
Eberpfad,,,,way
Edlichstraße,,,,way
Eduardstraße,,,,way
"Eferdinger Straße",,,,way
Egelstraße,,,,way
"Ehrenberger Straße",,,,way
Eibenweg,,,,way
Eichbergstraße,,,,way
Eichhörnchenweg,,,,way
Eidechsenweg,,,,way
"Eigene Scholle",,,,way
Eigenheimstraße,,,,way
"Eilenburger Straße",,,,way
"Eisenacher Straße",,,,way
Eisenbahnstraße,,,,way
"Eisenberger Ring",,,,way
Eisenschmidtplatz,,,,way
Elchweg,,,,way
Elfenweg,,,,way
Elisabethstraße,,,,way
Ellernweg,,,,way
Elsastraße,,,,way
Elsbethstraße,,,,way
Elsteraue,,,,way
Elsterberg,,,,way
Elsterblick,,,,way
Elstergarten,,,,way
Elstermühlweg,,,,way
Elsterweg,,,,way
Elsterweg??,,,,way
Emil-Altner-Weg,,,,way
Emil-Kluge-Straße,,,,way
Emil-März-Straße,,,,way
Emil-Schubert-Straße,,,,way
Emil-Teich-Straße,,,,way
Emilienstraße,,,,way
Emmausstraße,,,,way
Endersstraße,,,,way
"Engelsdorfer Park",,,,way
"Engelsdorfer Straße",,,,way
"Engelsdorfer Weg",,,,way
Entenhausen,,,,way
Entsbergerstraße,,,,way
Enzianweg,,,,way
"Erfurter Straße",,,,way
Erhardstraße,,,,way
Erich-Köhn-Straße,,,,way
Erich-Thiele-Straße,,,,way
Erikenbrücke,,,,way
Erikenstraße,,,,way
Erkelweg,,,,way
Erkerhof,,,,way
"Erlanger Straße",,,,way
Erlenstraße,,,,way
Erlenzeisigweg,,,,way
Erlkönigweg,,,,way
Ernst-Hasse-Straße,,,,way
Ernst-Kießig-Straße,,,,way
Ernst-Meier-Straße,,,,way
"Erweiterungsfläche bei Großveranstaltungen",,,,way
Eschenweg,,,,way
"Espenhainer Straße",,,,way
Espenweg,,,,way
"Essener Straße",,,,way
Etzelstraße,,,,way
Eulenweg,,,,way
"Eutritzscher Markt",,,,relation+way
"Eutritzscher Straße",,,,way
Exotenweg,,,,way
Expressweg,,,,way
"Eythraer Straße",,,,way
"Eythraer Weg",,,,way
Fabrikstraße,,,,way
Falkenweg,,,,way
Falladabrücke,,,,way
Falterstraße,,,,way
Färberstraße,,,,way
Farnweg,,,,way
Fasanenhöhe,,,,way
Fasanenhügel,,,,way
Fasanenpfad,,,,way
Fasanenweg,,,,way
"Fehmarner Straße",,,,way
Feldahornweg,,,,way
Feldblumenweg,,,,way
Feldhasenweg,,,,relation
Feldlerchenweg,,,,way
Feldstraße,,,,way
Felsenbirnenstraße,,,,way
Felsenkellerstraße,,,,way
Fenchelweg,,,,way
Ferdinand-Gruner-Straße,,,,way
Ferdinand-Jost-Straße,,,,way
Feuchtwangerstraße,,,,way
Fichtenstraße,,,,way
Fichtesiedlung,,,,way
Finkengrund,,,,way
Finkensteig,,,,way
Finkenweg,,,,way
Fischersteg,,,,way
Fliederhof,,,,way
Fliederweg,,,,way
"Flöhaer Straße",,,,way
Flößenstraße,,,,way
Floßplatz,,,,way
"Forchheimer Straße",,,,way
Forststraße,,,,way
Forstweg,,,,way
Fortunabadstraße,,,,way
"Frankenheimer Weg",,,,way
Frankenweg,,,,way
Franzosenallee,,,,way
Franzosenfeld,,,,way
Fregesteg,,,,way
Fregestraße,,,,way
"Freiberger Straße",,,,way
"Freirodaer Straße",,,,way
"Freirodaer Weg",,,,way
"Freisinger Weg",,,,way
Frettchenweg,,,,way
Freundschaftsring,,,,way
Friedensstraße,,,,way
Friedhofstraße,,,,way
Friedhofsweg,,,,way
Friedrich-Kram-Weg,,,,way
"Friedrichshafner Straße",,,,way
Friesensteg,,,,way
Friesenweg,,,,way
Fritz-Hanschmann-Straße,,,,way
Fritz-Krebs-Straße,,,,way
Fritz-Simonis-Straße,,,,way
"Frohburger Straße",,,,way
Froschkönigweg,,,,way
Froschweg,,,,way
"Fuchshainer Straße",,,,way
Fuchspfad,,,,way
Fuggerstraße,,,,way
Führring,,,,relation
Furnierweg,,,,way
"Fürther Straße",,,,way
Gänseblümchenweg,,,,way
Gartenbogen,,,,way
Gartengrund,,,,way
Gartenstraße,,,,way
Gartenweg,,,,way
Gartenwinkel,,,,way
Gärtnereiweg,,,,way
Gärtnergasse,,,,way
Gärtnerstraße,,,,way
Gärtnerweg,,,,way
"Gaschwitzer Straße",,,,way
Gaswerksweg,,,,way
Gaudigplatz,,,,way
Geißblattstraße,,,,way
"Geithainer Straße",,,,way
Gellertstraße,,,,way
Gemeindeamtsstraße,,,,way
Georg-Große-Straße,,,,way
Georg-Reichardt-Straße,,,,way
"Georg-Schumann-/Lindenthaler Straße",,,,way
"Geraer Straße",,,,way
Geranienweg,,,,way
Gerberstraße,,,,way
Gerichtsweg,,,,way
Gerlindeweg,,,,way
Germannstraße,,,,way
Gerstenweg,,,,way
Gerte,,,,way
Getreidegasse,,,,way
"Getzelauer Straße",,,,way
Geyerstraße,,,,way
Giebnerstraße,,,,way
Gießerstraße,,,,way
Gimpelweg,,,,way
Ginsterstraße,,,,way
Girlitzweg,,,,way
Gladiolenweg,,,,way
Gleisstraße,,,,way
Gleitsmannstraße,,,,way
"Glesiener Straße",,,,way
Gletschersteinstraße,,,,way
Glockenstraße,,,,way
Glockenweg,,,,way
"Gmundener Weg",,,,way
"Göbschelwitzer Weg",,,,way
Gockelpfad,,,,way
"Gohliser Straße",,,,way
"Göhrenzer Straße",,,,way
"Göhrenzer Weg",,,,way
"Goldacher Straße",,,,way
Goldammerweg,,,,way
"Goldene Hufe",,,,way
Goldglöckchenstraße,,,,way
Goldhähnchenweg,,,,way
Goldpeppingweg,,,,way
Goldrutenweg,,,,way
Goldsternstraße,,,,way
Goldulmenweg,,,,way
Gontardweg,,,,way
"Gorbitzer Straße",,,,way
"Görlitzer Straße",,,,way
"Goslarer Straße",,,,way
"Göteborger Straße",,,,way
Gotenstraße,,,,way
"Gothaer Straße",,,,way
Gottfried-Jähnichen-Weg,,,,way
Gottfried-Rentzsch-Weg,,,,way
Gottlaßstraße,,,,way
"Gottleubaer Straße",,,,way
Gottlieb-Schöne-Weg,,,,way
Gottschalkstraße,,,,way
"Gottscheinaer Landstraße",,,,way
"Gottscheinaer Weg",,,,way
Gräfestraße,,,,way
Grasmückenweg,,,,way
Grasweg,,,,way
"Graßdorfer Straße",,,,way
Grauwackeweg,,,,way
Gravensteinerweg,,,,way
Gregoriusstraße,,,,way
Grenzstraße,,,,way
Grenzweg,,,,way
Gretelweg,,,,way
Grillenstraße,,,,way
"Grimmaischer Steinweg",,,,way
"Groitzscher Straße",,,,way
Gröpplerstraße,,,,way
"Großbeerener Straße",,,,way
"Große Fleischergasse",,,,way
"Große Gartensiedlung",,,,way
"Großer Brockhaus",,,,way
"Großer Joachimsthal",,,,way
"Großer Marktweg",,,,way
"Großer Stern",,,,way
"Großmiltitzer Straße",,,,way
"Großpösnaer Straße",,,,way
"Großsteinberger Straße",,,,way
Grünau-Ost,,,,relation
"Grünauer Allee",,,,way
"Grünbacher Weg",,,,way
Grundstraße,,,,way
"Grüne Gasse",,,,way
"Grüner Bogen",,,,way
"Grüner Weg",,,,way
"Grüner Winkel",,,,way
Grunertstraße,,,,way
Grünfinkenweg,,,,way
Grünspechtweg,,,,way
"Grünzug Grüne Gasse",,,,way
"Güldengossaer Straße",,,,way
Gundermannstraße,,,,way
"Gundorfer Kirchweg",,,,way
"Gundorfer Straße",,,,way
Gundoweg,,,,way
Günselstraße,,,,way
"Güntheritzer Weg",,,,way
Gustav-Esche-Straße,,,,way
Gustav-Feilotter-Straße,,,,way
Gustav-Freytag-Straße,,,,way
Gustav-Scheibe-Straße,,,,way
Gutberletstraße,,,,way
Güterbahnhofstraße,,,,way
Gutshofstraße,,,,way
Gutsparkstraße,,,,way
Gypsbergstraße,,,,way
Hafenstraße,,,,way
Hafentor,,,,way
Haferkornstraße,,,,way
Haferring,,,,way
Hagebuttenweg,,,,way
Hahnekamm,,,,way
Hainbuchenstraße,,,,way
"Hainburger Weg",,,,way
Hainstraße,,,,way
Hainveilchenweg,,,,way
Hainweg,,,,way
"Halberstädter Straße",,,,way
"Hallbergmooser Straße",,,,way
"Hallesche Straße",,,,way
"Hamburger Straße",,,,way
Hammerstraße,,,,way
Handelsring,,,,way
Handelsstraße,,,,way
Handwerker-Passage,,,,way
Handwerkerhof,,,,way
Hänflingweg,,,,way
Hängebrücke,,,,way
"Hannoversche Straße",,,,way
Hans-Poeche-Straße,,,,way
Hans-Schlenker-Weg,,,,way
Hans-Weigel-Straße,,,,way
Hänselweg,,,,way
Happweg,,,,way
"Harpstedter Straße",,,,way
"Hartmannsdorfer Straße",,,,way
Hartriegelstraße,,,,way
Hartzstraße,,,,way
Haselnussweg,,,,way
Haselstraße,,,,way
Haselweg,,,,way
Hasenheide,,,,way
Hasenholzweg,,,,way
Hasenkopfweg,,,,way
Hasenpfad,,,,way
Hasenweg,,,,way
Hauptstraße,,,,way
Hauptweg,,,,way
"Hauptweg zur großen Eiche",,,,way
Hauschildstraße,,,,way
Häuslergasse,,,,way
Häußerstraße,,,,way
Haußmannstraße,,,,way
"Haynaer Weg",,,,way
Heckenweg,,,,way
Heidegraben,,,,way
Heidelbeerweg,,,,way
"Heidelberger Straße",,,,way
Heideweg,,,,way
"Heilbronner Straße",,,,way
Heilemannstraße,,,,way
Heimteichstraße,,,,way
Heinkstraße,,,,way
Heinrich-Kaps-Straße,,,,way
Heinrich-Schmidt-Straße,,,,way
Heinzelmannweg,,,,way
Heiterblickallee,,,,way
Heiterblickstraße,,,,way
Helenenstraße,,,,way
"Helgoländer Weg",,,,way
Hellerstraße,,,,way
Hempelstraße,,,,way
Hendelweg,,,,way
Henriettenstraße,,,,way
Hentschelweg,,,,way
Herloßsohnstraße,,,,way
Hermann-Brade-Straße,,,,way
Hermann-Keller-Straße,,,,way
Hermann-Müller-Platz,,,,relation
Hermann-Sander-Straße,,,,way
Hermannstraße,,,,way
Hermelinplatz,,,,way
Hermelinstraße,,,,way
Hermundurenstraße,,,,way
"Herrnhuter Straße",,,,way
"Hersvelder Straße",,,,way
Herwigstraße,,,,way
"Herzberger Straße",,,,way
Hessenstraße,,,,way
Hettelweg,,,,way
Heuweg,,,,way
Hildburgstraße,,,,way
Hildegardstraße,,,,way
Hildeweg,,,,way
Hilligerstraße,,,,way
Himbeerweg,,,,way
"Hinter dem Dorf",,,,way
"Hinter dem Zuckelhausener Ring",,,,way
"Hinter den Gärten",,,,way
"Hinter der Kirche",,,,way
Hinterforstweg,,,,way
"Hirschfelder Flur",,,,way
"Hirschfelder Straße",,,,way
Hirschsprung,,,,way
Hirseweg,,,,way
Hirtenholzstraße,,,,way
Hirtenweg,,,,way
Hoepnerstraße,,,,way
"Hofer Straße",,,,way
"Hohe Straße",,,,way
"Hohenheidaer Straße",,,,way
"Hohenheidaer Weg",,,,way
"Hohenossiger Weg",,,,way
"Hohenrodaer Weg",,,,way
Hohenthalstraße,,,,way
Hohentichelnstraße,,,,way
"Hohle Gasse",,,,way
Holbergstraße,,,,way
Holunderbogen,,,,way
Holunderweg,,,,way
"Holzhausener Straße",,,,way
Hopfenbergstraße,,,,way
Hopfengarten,,,,way
Hopfenweg,,,,way
"Horburger Straße",,,,way
Hornissenwinkel,,,,way
Hornstraße,,,,way
Hornweg,,,,way
Horst-Fritsche-Weg,,,,way
Hortensienweg,,,,way
Huberstraße,,,,way
Huchstraße,,,,way
Hüfferstraße,,,,way
Hüfnerstraße,,,,way
Hügelweg,,,,way
Hugo-Aurig-Straße,,,,way
Hugo-Krone-Platz,,,,way
Hummelstraße,,,,way
Hünerfeldstraße,,,,way
Hussitenstraße,,,,way
Huygensplatz,,,,way
Hyazinthenweg,,,,way
Idastraße,,,,way
Igelstraße,,,,way
Igelweg,,,,way
"Ilmenauer Weg",,,,way
Iltispfad,,,,way
"Im Birkengrund",,,,way
"Im Blumengrund",,,,way
"Im Dölitzer Holz",,,,way
"Im Lindengrund",,,,way
"Im Tannengrund",,,,way
"Im Weidengrund",,,,way
"Im Winkel",,,,way
"Im Zipfel",,,,way
Immenstraße,,,,way
Immischweg,,,,way
Industriestraße,,,,way
Ingwerweg,,,,way
Innenring,,,,way
Inselstraße,,,,way
Irisweg,,,,way
Jacobstraße,,,,way
Jadebogen,,,,way
Jägerhofpassage,,,,way
Jägerstraße,,,,way
Jakobiwinkel,,,,way
Jakobspilgerweg,,,,way
Jasminweg,,,,way
Jaspisstraße,,,,way
"Jenaer Straße",,,,way
Jöcherstraße,,,,way
Jochmontagestraße,,,,way
Johann-Adolf-Straße,,,,way
Johannaparkweg,,,,way
Johannastraße,,,,way
Johannes-Kärner-Straße,,,,way
Johannisallee,,,,way
Johannisgasse,,,,way
Johannishöhe,,,,way
Johannisplatz,,,,way
"Jöhstädter Straße",,,,way
"Jonsdorfer Straße",,,,way
Josephinenstraße,,,,way
"Juister Weg",,,,way
Julius-Krause-Straße,,,,way
Juliusstraße,,,,way
Jungfernstiege,,,,way
Junghanßstraße,,,,way
Jupiterstraße,,,,way
Jupp-Müller-Straße,,,,way
Juridicum-Passage,,,,way
Kahlhoffweg,,,,way
"Kalter Feldweg",,,,way
Kamelpfad,,,,way
"Kamenzer Straße",,,,way
Kamillenweg,,,,way
Kanalstraße,,,,way
Kaninchensteig,,,,way
Kaninchenweg,,,,way
Kantatenweg,,,,way
Kantor-Andrä-Straße,,,,way
Kantor-Hase-Straße,,,,way
Kantor-Schmidt-Weg,,,,way
Kapellenstraße,,,,way
Karl-Friedrich-Straße,,,,way
Karl-Härting-Straße,,,,way
Karl-Heft-Straße,,,,way
Karl-Mannsfeld-Straße,,,,way
Karl-Marx-Straße,,,,way
Karl-Winkler-Straße,,,,way
"Karlsruher Straße",,,,way
"Karlstädter Straße",,,,way
Karlstraße,,,,way
Kärrnerstraße,,,,way
Kärrnerweg,,,,way
Karussell,,,,way
"Kasseler Straße",,,,way
Kastanienallee,,,,way
Kastanienring,,,,way
Kastanienweg,,,,way
Katharinenstraße,,,,way
Katzenbuckelbrücke,,,,way
Katzmannstraße,,,,way
Käuzchenweg,,,,way
Kehrwieder,,,,way
Kelbestraße,,,,way
Kerbelweg,,,,way
Kernbeißerweg,,,,way
Kesselgrund,,,,way
Kickerlingsberg,,,,way
Kiebitzstraße,,,,way
Kiefernweg,,,,way
"Kieler Straße",,,,way
Kiesgrubenstraße,,,,way
Kiesweg,,,,way
Kietzstraße,,,,way
"Kiewer Straße",,,,way
Kilometerweg,,,,way
"Kipsdorfer Weg",,,,way
Kirchplatz,,,,way
Kirchstraße,,,,way
Kirchweg,,,,way
Kirschbergstraße,,,,way
Kirschgartenweg,,,,way
"Kissinger Straße",,,,way
Klarastraße,,,,way
Kleeweg,,,,way
Kleiberweg,,,,way
"Kleine Bergstraße",,,,way
"Kleine Fleischergasse",,,,way
"Kleine Gartensiedlung",,,,way
"Kleine Gartenstraße",,,,way
"Kleine Promenade",,,,way
"Kleiner Poetenweg",,,,way
"Kleiner Zipfel",,,,way
"Kleines Joachimsthal",,,,way
Kleinmesseplatz,,,,way
"Kleinpösnaer Anger",,,,way
"Kleinpösnaer Straße",,,,way
Klettenstraße,,,,way
Klingenstraße,,,,way
"Klingenthaler Straße",,,,way
Klingerhainbrücke,,,,way
Klipphausenstraße,,,,way
Klostergasse,,,,way
"Klosterneuburger Weg",,,,way
Klucksgraben,,,,way
Knaurstraße,,,,way
"Knauthainer Straße",,,,way
"Knautnaundorfer Anger",,,,way
"Knautnaundorfer Straße",,,,way
Knesebeckstraße,,,,way
Knöflerstraße,,,,way
Knuthstraße,,,,way
"Koburger Brücke",,,,way
"Koburger Straße",,,,way
Kohlenstraße,,,,way
Kohlgartenstraße,,,,way
Kohlgartenweg,,,,way
Kohlmeisenweg,,,,way
Kohlweg,,,,way
"Kohrener Straße",,,,way
Kolmstraße,,,,way
Koloniestraße,,,,way
"Kömmlitzer Weg",,,,way
Königshauspassage,,,,way
Königsteinstraße,,,,way
Könneritzbrücke,,,,way
Könneritzstraße,,,,way
Konrad-Hagen-Platz,,,,way
Konstantinstraße,,,,way
Kornblumenweg,,,,way
Körnerweg,,,,way
Kosakenweg,,,,way
"Kösner Straße",,,,way
"Kossaer Straße",,,,way
"Köstritzer Straße",,,,way
"Kötzschauer Straße",,,,way
Krähenweg,,,,way
"Krakauer Straße",,,,way
Krätzbergstraße,,,,way
Krautbreite,,,,way
Krautgartenweg,,,,way
"Kremser Weg",,,,way
Kresseweg,,,,way
"Kretschmanns Hof",,,,way
Kreuzdornstraße,,,,way
Kreuzstraße,,,,way
Kröbelstraße,,,,way
Krokusweg,,,,way
"Krostitzer Weg",,,,way
Krystallpalaststraße,,,,way
Kuchengartenstraße,,,,way
Küchenholzallee,,,,way
Kuckuckweg,,,,way
Kuhturmallee,,,,way
Kuhturmstraße,,,,way
"Kulkwitzer Straße",,,,way
"Kulmbacher Straße",,,,way
Kümmelweg,,,,way
Kunadstraße,,,,way
Kuntzschmannstraße,,,,way
"Kursdorfer Weg",,,,way
Kurt-Hänselmann-Weg,,,,way
Kurt-Krah-Straße,,,,way
"Kurze Straße",,,,way
Kutscherweg,,,,way
Kutschweg,,,,way
"Labyrinth Leipzig",,,,way
Lagerhofstraße,,,,way
Lähnestraße,,,,way
Lampebrücke,,,,way
Landhausstraße,,,,way
"Landsberger Straße",,,,way
Landwaisenhausstraße,,,,way
"Lange Reihe",,,,way
"Lange Straße",,,,way
"Lange Trift",,,,way
Lärchenweg,,,,way
Laternenweg,,,,way
"Lauchstädter Straße",,,,way
"Lauerscher Weg",,,,relation+way
Laurentiusstraße,,,,way
"Lauschaer Weg",,,,way
"Lausener Bogen",,,,way
"Lausener Dorfplatz",,,,way
"Lausener Straße",,,,way
"Lausner Weg",,,,way
Lautensteg,,,,way
Lavendelweg,,,,way
Lehdenweg,,,,way
Lehrpfad,,,,way
Leibnitzstraße,,,,way
Leidholdstraße,,,,way
Leinestraße,,,,way
Leinewinkel,,,,way
"Leipziger Auwaldkran",,,,way
"Leipziger Straße",,,,way
"Leisniger Straße",,,,way
"Lemseler Weg",,,,way
"Lengefelder Straße",,,,way
Leonhardtstraße,,,,way
Leopoldstraße,,,,way
Leplaystraße,,,,way
Lerchengrund,,,,way
Lercheninsel,,,,way
Lerchenrain,,,,way
Lerchenweg,,,,way
"Leunaer Weg",,,,way
"Leutzscher Straße",,,,way
Lewienstraße,,,,way
Libellenstraße,,,,way
Libellenweg,,,,way
Libertastraße,,,,way
"Lichtenfelser Straße",,,,way
Lidicestraße,,,,way
"Liebensteiner Weg",,,,way
"Liebertwolkwitzer Markt",,,,way
"Liebertwolkwitzer Straße",,,,way
Liebfrauenstraße,,,,way
Ligusterweg,,,,way
Liliensteinstraße,,,,way
Lilienstraße,,,,way
Lilienweg,,,,way
Limburgerstraße,,,,way
Lindenallee,,,,way
"Lindenauer Markt",,,,way
"Lindenauer Straße",,,,way
"Lindennaundorfer Weg",,,,way
Lindenpark,,,,way
Lindenstraße,,,,way
"Lindenthaler Hauptstraße",,,,way
"Lindenthaler Straße",,,,way
Linkelstraße,,,,way
Lintacherstraße,,,,way
"Lippendorfer Straße",,,,way
"Liprandisdorfer Straße",,,,way
"Löbauer Straße",,,,way
Lobelienweg,,,,way
"Lobensteiner Straße",,,,way
"Lobstädter Straße",,,,way
Lochmannstraße,,,,way
Loews,,,,way
Logauweg,,,,way
Lorenzstraße,,,,way
"Lößniger Straße",,,,way
Lotzestraße,,,,way
Löwenzahnweg,,,,way
Luchspfad,,,,way
"Luckaer Straße",,,,way
Lucknerstraße,,,,way
"Ludwigsburger Straße",,,,way
Ludwigstraße,,,,way
Luftschiffstraße,,,,way
Lukasstraße,,,,way
Lupinenweg,,,,way
Luppenaue,,,,way
Luppenstraße,,,,way
Luppesteg,,,,way
"Lurgensteins Steg",,,,way
Lutherstraße,,,,way
"Lützner Plan",,,,way
"Lützschenaer Straße",,,,way
"Lyoner Straße",,,,way
"Macherner Straße",,,,way
Magdalenenstraße,,,,way
"Magdeborner Straße",,,,way
"Magdeburger Straße",,,,way
Magnusstraße,,,,way
Maienweg,,,,way
Maiglöckchenweg,,,,way
Maikäferweg,,,,way
"Mainzer Straße",,,,way
Malachitstraße,,,,way
Malteserstraße,,,,way
Malvenweg,,,,way
"Mannheimer Straße",,,,way
"Marcher Straße",,,,way
Marcusgasse,,,,way
Margaretenstraße,,,,way
Margeritenweg,,,,way
Mariannenpark,,,,way
"Marienberger Straße",,,,way
Marienbrunnenstraße,,,,way
Marienplatz,,,,way
Marienweg,,,,way
"Markkleeberger Straße",,,,way
"Markranstädter Straße",,,,way
Markt,,,,relation
Marktgalerie,,,,way
Marktstraße,,,,way
Marpergerstraße,,,,way
Marsweg,,,,way
Martin-Herrmann-Straße,,,,way
Martinsbogen,,,,way
Martinshöhe,,,,way
Mathildenstraße,,,,way
Matthäikirchhof,,,,way
Maulbeerweg,,,,way
Maulwurfweg,,,,way
Max-Borsdorf-Straße,,,,way
Max-Seyfert-Straße,,,,way
Mechlerstraße,,,,way
"Mecklenburger Straße",,,,way
"Meininger Ring",,,,way
Meisenweg,,,,way
"Meißner Straße",,,,way
Melanchthonstraße,,,,way
Melchiorstraße,,,,way
Melissenweg,,,,way
"Melker Weg",,,,way
"Melscher Straße",,,,way
Mendelssohnufer,,,,way
Menzingenweg,,,,way
"Merkwitzer Landstraße",,,,way
Messehofpassage,,,,way
"Meusdorfer Straße",,,,way
"Meyer'sche Häuser Kleinzschocher",,,,relation
Miekeweg,,,,way
Milanweg,,,,way
Milchgasse,,,,way
"Miltenberger Straße",,,,way
"Miltitzer Allee",,,,way
"Miltitzer Dorfstraße",,,,way
"Miltitzer Straße",,,,way
"Mistelbacher Weg",,,,way
Mistelbogen,,,,way
Mittelgasse,,,,way
Mittelring,,,,way
Mittelstraße,,,,way
Mittelweg,,,,way
"Mobile 1 S",,,,way
"Mockauer Ring",,,,way
"Mockauer Straße",,,,way
"Möckernsche Allee",,,,way
"Möckernscher Weg",,,,way
"Modul 10: Bunkerüberfahrten",,,,way
"Modul 11: Erdstrecke",,,,way
"Modul 12: Hügellandschaft",,,,way
"Modul 12: Panzerbrücke",,,,way
"Modul 13: Schlammweg",,,,way
"Modul 14: Knüppeldamm",,,,way
"Modul 1: Schotterstrecke",,,,way
"Modul 2: Sandstrecke",,,,way
"Modul 3: Baumstammsimulation",,,,way
"Modul 4: Extremrampe",,,,way
"Modul 5: Grabenquerung",,,,way
"Modul 6: Steintreppe",,,,way
"Modul 7: Walddurchfahrt",,,,way
"Modul 8: Schräghangbahn",,,,way
"Modul 9: Wallüberfahrt",,,,way
Mohnweg,,,,way
"Mölkauer Dorfplatz",,,,way
"Mölkauer Straße",,,,way
Moltrechtstraße,,,,way
Mommsenstraße,,,,way
Monarchenhügel,,,,way
Moosbeerweg,,,,way
Moränenweg,,,,way
Morellenweg,,,,way
Morgensternstraße,,,,way
Mosenthinstraße,,,,way
"Mückenhainer Weg",,,,way
Mückensteg,,,,way
Mühlbergsiedlung,,,,way
Mühlenplatz,,,,way
Mühlenstraße,,,,way
Mühlenweg,,,,way
"Mühlhäuser Ring",,,,way
Mühlholzgasse,,,,way
Mühlholzsteg,,,,way
Mühligstraße,,,,way
Mühlparkweg,,,,way
Mühlstraße,,,,way
Mühlweg,,,,way
Muldentalstraße,,,,way
Müllerring,,,,way
Münzgasse,,,,way
Nachtigallenhain,,,,way
Nachtigallweg,,,,way
Nagelstraße,,,,way
Nahlesteg,,,,way
"Narsdorfer Straße",,,,way
Narzissenweg,,,,way
Naschmarkt,,,,relation+way
Natalienstraße,,,,way
Naturlehrpfad,,,,way
"Naumburger Straße",,,,way
Naundörfchen,,,,way
"Naunhofer Landstraße",,,,way
Nelkenweg,,,,way
Neptunweg,,,,way
"Nerchauer Straße",,,,way
Neubauernstraße,,,,way
"Neuburghausener Weg",,,,way
Neudorfgasse,,,,way
"Neue Hallesche Straße",,,,way
"Neue Leipziger Straße",,,,way
"Neue Linie",,,,way
"Neue Straße",,,,way
"Neuenburger Weg",,,,way
"Neuer Weg",,,,way
Neumarkt,,,,way
"Neunkirchener Straße",,,,way
"Neuscherbitzer Gasse",,,,way
"Neustädter Markt",,,,way
"Neustädter Straße",,,,way
"Neutzscher Straße",,,,way
Nibelungenring,,,,way
Nickelmannweg,,,,way
Niederkirchnerbrücke,,,,way
Niemeyerstraße,,,,way
Nikolai-Rumjanzew-Straße,,,,way
Nikolaikirchhof,,,,relation
Nixenweg,,,,way
Nonnenmühlgasse,,,,way
Nonnenstraße,,,,way
Nonnenweg,,,,way
Nord-Weg,,,,way
"Norderneyer Weg",,,,way
"Nordhäuser Weg",,,,way
Nordplatz,,,,way
Nordstraße,,,,way
Nordweg,,,,way
"Nürnberger Straße",,,,way
Nußbaumallee,,,,way
Nußbaumweg,,,,way
Oberdorfstraße,,,,way
"Obere Mühlenstraße",,,,way
"Obere Nordstraße",,,,way
"Oberhofer Weg",,,,way
Oberholzstraße,,,,way
Oberläuterstraße,,,,way
"Obernaundorfer Straße",,,,way
Ochsenweg,,,,way
"Oelsnitzer Straße",,,,way
"Oelßners Hof",,,,way
Oelßnerstraße,,,,way
Oertgering,,,,way
"Offenburger Straße",,,,way
"Olbernhauer Straße",,,,way
"Olchinger Straße",,,,way
"Oldenburger Straße",,,,way
Oleanderweg,,,,way
Ölhafenstraße,,,,way
Opalstraße,,,,way
Opferweg,,,,way
Orchideenweg,,,,way
"Orenburger Weg",,,,way
Ortrunweg,,,,way
"Oschatzer Straße",,,,way
Oskar-Calov-Straße,,,,way
Ost-Weg,,,,way
Ostende,,,,way
Österreicherweg,,,,way
Ostheimstraße,,,,way
Osthöhe,,,,way
Ostplatz,,,,way
Oststraße,,,,way
Otterstraße,,,,way
Otto-Heinze-Straße,,,,way
Otto-Militzer-Straße,,,,way
Otto-Schmiedt-Straße,,,,way
Otto-Thiele-Straße,,,,way
Packhofstraße,,,,way
Palmengartenbrücke,,,,way
Panitzstraße,,,,way
Pansastraße,,,,way
Papiermühlstraße,,,,way
"Papitzer Straße",,,,way
Pappelblick,,,,way
Pappelhof,,,,way
Pappelweg,,,,way
Parabolica,,,,way
Parkallee,,,,way
"Parkbogen Ost",,,,way
Parkring,,,,way
Parkstraße,,,,way
Parkweg,,,,way
Parthenstraße,,,,way
Paul-Beiersdorf-Straße,,,,way
Paul-Ermler-Weg,,,,way
Paul-Flechsig-Straße,,,,way
Paul-Herbst-Weg,,,,way
Paul-Klöpsch-Straße,,,,way
Paul-Küstner-Straße,,,,way
Paul-Langheinrich-Straße,,,,way
Paulinengrund,,,,way
Paulinenstraße,,,,way
Paulinerweg,,,,way
"Paunsdorfer Allee",,,,way
"Paunsdorfer Straße",,,,way
Paußnitzsteg,,,,way
Paußnitzstraße,,,,way
Pelzgasse,,,,way
Perlpilzweg,,,,way
Peterskirchhof,,,,way
Peterssteg,,,,way
Peterssteinweg,,,,way
Petunienweg,,,,way
"Petzscher Straße",,,,way
"Pfaffendorfer Straße",,,,way
Pfaffensteinstraße,,,,way
Pfaffenweg,,,,way
Pfarrer-Paul-Straße,,,,way
Pfarrholzstraße,,,,way
Pfarrweg,,,,way
Pferdnerstraße,,,,way
Pfingstweide,,,,way
Pflaumenallee,,,,way
Pflaumestraße,,,,way
Pflugkstraße,,,,way
Phoenixweg,,,,way
Pilzanger,,,,way
Pirolweg,,,,way
Pistorisstraße,,,,way
Pitschkestraße,,,,way
Plantagenweg,,,,way
Platanenstraße,,,,way
Platanenweg,,,,way
Platnerstraße,,,,way
"Plaußiger Dorfstraße",,,,way
"Plaußiger Straße",,,,way
"Plösener Straße",,,,way
Ploßstraße,,,,way
"Plovdiver Straße",,,,way
"Podelwitzer Straße",,,,way
Poetenweg,,,,way
Pögnerstraße,,,,way
Pohlentzstraße,,,,way
Pohlestraße,,,,way
Polenweg,,,,way
Pölitzstraße,,,,way
Polygraphplatz,,,,way
Pommernstraße,,,,way
Poniatowskiplan,,,,way
Ponickaustraße,,,,way
Popitzweg,,,,way
"Pörstener Straße",,,,way
"Portitzer Allee",,,,way
"Portitzer Straße",,,,way
"Portitzer Winkel",,,,way
Portitzmühlweg,,,,way
Porzcikstraße,,,,way
Pösgraben,,,,way
"Pösnaer Straße",,,,way
Postreitergasse,,,,way
Potschkaustraße,,,,way
"Pötzschker Weg 2 - 4",,,,way
Preiselbeerweg,,,,way
Preußenstraße,,,,way
Preußergäßchen,,,,way
Primavesistraße,,,,way
Primelweg,,,,way
Prinzenweg,,,,way
Probsteistraße,,,,way
"Probstheidaer Straße",,,,way
Promenade,,,,way
"Pröttitzer Weg",,,,way
Prünstraße,,,,way
"Püchauer Straße",,,,way
Quartiersplatz,,,,way
"Quasnitzer Höhe",,,,way
"Quasnitzer Weg",,,,way
Queckstraße,,,,way
"Quedlinburger Straße",,,,way
Querbahnsteig,,,,relation
Quermaße,,,,way
Querstraße,,,,way
Querweg,,,,way
Quittenweg,,,,way
Rabensteinplatz,,,,way
Rabenweg,,,,way
Rabet,,,,way
"Radefelder Allee",,,,way
"Radefelder Straße",,,,way
"Radefelder Weg",,,,way
Radiusstraße,,,,way
"Ranstädter Steinweg",,,,way
"Räpitzer Straße",,,,way
Rapsweg,,,,way
Rapunzelweg,,,,way
"Raschwitzer Straße",,,,way
Rasenweg,,,,way
Rathausring,,,,way
Rathausstraße,,,,way
Rebhuhnsteig,,,,way
Regenbogen,,,,way
Reginenstraße,,,,way
"Rehbacher Anger",,,,way
"Rehbacher Straße",,,,way
Rehpfad,,,,way
Rehwagenstraße,,,,way
"Reichenberger Straße",,,,way
Reichsbahnerstraße,,,,way
Reiherweg,,,,way
Reineckeplatz,,,,way
Reinhold-Krüger-Straße,,,,way
Reinhold-Schulze-Straße,,,,way
Reiterallee,,,,way
Renetteweg,,,,way
Renftstraße,,,,way
Renkwitzstraße,,,,way
Rennbahnweg,,,,way
Resedaweg,,,,way
Residenzstraße,,,,way
"Reudnitzer Straße",,,,way
Richard-Dittrich-Straße,,,,way
Richard-Leisebein-Straße,,,,way
Riebeckstraße,,,,way
"Riesaer Straße",,,,way
Riesenweg,,,,way
Rietzschkebogen,,,,way
Rietzschkegrund,,,,way
Rietzschkeweg,,,,way
Rietzschkewiesen,,,,way
Ringelnatzweg,,,,way
Ringstraße,,,,way
Ringweg,,,,way
Rippachtalstraße,,,,way
Ritter-Pflugk-Straße,,,,way
Rittergutsstraße,,,,way
Ritterlingsweg,,,,way
Ritterpassage,,,,way
Ritterspornweg,,,,way
Robert-Hanf-Weg,,,,way
Robinienweg,,,,way
"Röckener Straße",,,,way
Rodelandstraße,,,,way
Rodelbahn,,,,way
Rödelstraße,,,,way
Roggenring,,,,way
Rohrteichstraße,,,,way
Rollerweg,,,,way
"Römhilder Weg",,,,way
Rosenapfelweg,,,,way
Rosenbaumstraße,,,,way
Rosenholzweg,,,,way
Rosenstraße,,,,way
Rosentalgasse,,,,way
Rosenweg,,,,way
Rosestraße,,,,way
Rosmarinweg,,,,way
"Rostocker Straße",,,,way
"Roßlauer Straße",,,,way
Roßmarkt,,,,way
Roßmarktstraße,,,,way
Roßstraße,,,,way
Rotbuchenweg,,,,way
Rotdornstraße,,,,way
Roteichenallee,,,,way
Rotfuchsstraße,,,,way
"Rothenburger Straße",,,,way
Rotheplatz,,,,way
"Röthische Straße",,,,way
Rotkäppchenweg,,,,way
Rotkehlchenweg,,,,way
Rotkleeweg,,,,way
Rotschwänzechenweg,,,,way
Rotschwanzweg,,,,way
Rübezahlweg,,,,way
Rubinstraße,,,,way
"Rückmarsdorfer Straße",,,,way
Rudolph-Herrmann-Straße,,,,way
Rudolphstraße,,,,way
"Rügener Straße",,,,way
Ruheplatz,,,,way
Rundkapellenweg,,,,way
"Rundweg Gondwanaland",,,,way
Russenstraße,,,,way
"S-Bahnhof MDR",,,,relation
"S-Bahnhof Wahren",,,,relation
"Saalecker Straße",,,,way
"Saalfelder Straße",,,,way
Saarbrückenstraße,,,,way
"Saarländer Straße",,,,way
"Saarlouiser Straße",,,,way
Sabinenstraße,,,,way
Sachsenbrücke,,,,way
Sachsenhöhe,,,,way
Sachsenseite,,,,way
Sachsenstraße,,,,way
Safranweg,,,,way
Salamanderstraße,,,,way
Salbeiweg,,,,way
Salomonstraße,,,,way
Salzgäßchen,,,,way
Salzhandelsstraße,,,,way
Salzstraße,,,,way
Salzweg,,,,way
Samuel-Lampel-Straße,,,,way
Sandberg,,,,way
Sanddornweg,,,,way
Sandgrube,,,,way
Sandgrubenweg,,,,way
Sandmännchenweg,,,,way
Sandweg,,,,way
Saphirstraße,,,,way
Sasstraße,,,,relation
Sattelhofstraße,,,,way
Sattlerweg,,,,way
Saturnstraße,,,,way
Saxoniastraße,,,,way
Schacherstraße,,,,way
Schachtstraße,,,,way
Schäferweg,,,,way
"Schandauer Weg",,,,way
Schauerstraße,,,,way
Schenderleinstraße,,,,way
Scheumannstraße,,,,way
Schiebestraße,,,,way
"Schildberger Weg",,,,way
Schillersteg,,,,way
Schillerweg,,,,way
Schirmerstraße,,,,way
"Schkeitbarer Weg",,,,way
"Schkeuditzer Straße",,,,way
"Schkorlopper Straße",,,,way
"Schladitzer Straße",,,,way
Schlehdornweg,,,,way
Schlehenweg,,,,way
Schlesierstraße,,,,way
"Schleußiger Weg",,,,way
Schlippe,,,,way
Schlößchenweg,,,,way
Schloßgasse,,,,way
Schloßweg,,,,way
"Schmaler Weg",,,,way
"Schmalkaldener Weg",,,,way
Schmetterlingsweg,,,,way
Schmidstraße,,,,way
Schmidt-Rühl-Straße,,,,way
"Schmiedeberger Straße",,,,way
Schmiedegasse,,,,way
Schmiedestraße,,,,way
Schmutzlerstraße,,,,way
Schneeballweg,,,,way
"Schneeberger Straße",,,,way
"Schneedeponie Vorfeld 4",,,,way
Schneewittchenweg,,,,way
Schneiderstraße,,,,way
Schnittergasse,,,,way
"Schönauer Landstraße",,,,way
"Schönauer Ring",,,,way
"Schönauer Weg",,,,way
"Schönauer Welle",,,,way
Schönauer/Ratzelstraße,,,,way
Schönbachstraße,,,,way
"Schönefelder Allee",,,,way
"Schönefelder Straße",,,,way
Schorlemmerstraße,,,,way
"Schorndorfer Weg",,,,way
Schrägweg,,,,way
Schrammsteinstraße,,,,way
Schreberstraße,,,,way
Schreiberstraße,,,,way
Schreinerweg,,,,way
Schröderstraße,,,,way
Schubarthstraße,,,,way
Schubertstraße,,,,way
Schulstraße,,,,way
Schulweg,,,,way
Schützenhausstraße,,,,way
Schützenstraße,,,,way
"Schwabacher Straße",,,,way
Schwanenweg,,,,way
Schwartzestraße,,,,way
Schwarzackerstraße,,,,way
Schwarzdornweg,,,,way
"Schwarze Brücke",,,,way
"Schwarzer Weg",,,,way
Schwedenstraße,,,,way
"Schweinfurter Straße",,,,way
Schweizerbogen,,,,way
Schwylststraße,,,,way
Scipiostraße,,,,way
"Seebenischer Straße",,,,way
Seebogen,,,,way
Seeburgweg,,,,way
"Seegeritzer Straße",,,,way
"Seegeritzer Weg",,,,way
"Seehausener Straße",,,,way
Seffnerstraße,,,,way
Seidengasse,,,,way
"Seifertshainer Straße",,,,way
"Seiffener Straße",,,,way
Seilerweg,,,,way
Seitengasse,,,,way
Seitenstraße,,,,way
Seitenweg,,,,way
"Sellerhäuser Straße",,,,way
"Selliner Passage",,,,way
"Selliner Straße",,,,way
Senefelderstraße,,,,way
"Sesenheimer Straße",,,,way
Siedlereck,,,,way
Siedlerweg,,,,way
Sigebandweg,,,,way
Sigismundstraße,,,,way
Singdrosselweg,,,,way
Siriusweg,,,,way
Sittichweg,,,,way
Smaragdstraße,,,,way
"Söllichauer Straße",,,,way
"Sommerfelder Straße",,,,way
"Sommerfelder Weg",,,,way
Sommerlindenstraße,,,,way
"Sonneberger Weg",,,,way
Sonnenblumenweg,,,,way
Sonnengasse,,,,way
Sonnenweg,,,,way
Sonnenwinkel,,,,way
Sophienstraße,,,,way
Sorbenstraße,,,,way
"Sosaer Straße",,,,way
Spalierweg,,,,way
Spatzenweg,,,,way
Spechtweg,,,,way
Sperlingsgasse,,,,way
Sperlingsgrund,,,,way
Spetlakstraße,,,,way
"Spielplatz Alte Salzstraße - Am Kindergarten",,,,way
Spinnereistraße,,,,way
Sporergäßchen,,,,way
Sportplatzstraße,,,,way
Sportplatzweg,,,,way
Sprikkenweg,,,,way
Sprikkenwinkel,,,,way
Staffelsteinstraße,,,,way
"Stahmelner Allee",,,,way
"Stahmelner Anger",,,,way
"Stahmelner Höhe",,,,way
"Stahmelner Straße",,,,way
Stallbaumstraße,,,,way
Stammerstraße,,,,way
"Stammgleis PI",,,,way
"Stammgleis PVIII",,,,way
"Stammgleis PX",,,,way
Starenweg,,,,way
Starweg,,,,way
Stauffacherweg,,,,way
"Steig F",,,,relation
"Steinberger Straße",,,,way
Steinbergstraße,,,,way
Steingartenweg,,,,way
Steinpilzweg,,,,way
Steinweg,,,,way
Stentzlerstraße,,,,way
Sternbachstraße,,,,way
Sternenstraße,,,,way
Sternenwinkel,,,,way
Sterntalerweg,,,,way
Sternwartenstraße,,,,way
Sternwartenweg,,,,way
Stieglitzweg,,,,way
Stiftsstraße,,,,way
Stockartstraße,,,,way
Stöckelstraße,,,,way
Stockstraße,,,,way
"Stollberger Straße",,,,way
Stollestraße,,,,way
"Störmthaler Straße",,,,way
"Stötteritzer Landstraße",,,,way
"Stötteritzer Straße",,,,way
Stoyestraße,,,,way
"Stralsunder Straße",,,,way
"Straße am Park",,,,way
"Straße am See",,,,way
"Straße der 53",,,,way
"Straße der Einheit",,,,way
"Straße des 17. Juni",,,,relation
"Straße des 18. Oktober",,,,way
"Strelitzer Straße",,,,way
Strohsackpassage,,,,way
"Stünz-Mölkauer Weg",,,,way
"Stünzer Straße",,,,way
"Stünzer Weg",,,,way
"Stuttgarter Allee",,,,relation+way
Südblick,,,,way
Süderhexweg,,,,way
Südplatz,,,,way
Südstraße,,,,way
Südtangente,,,,way
"Suhler Straße",,,,way
"Sulzbacher Straße",,,,way
"Sunset Bend",,,,way
"Suntory Corner",,,,way
"Suzuka S",,,,way
"Sylter Straße",,,,way
Syrakusweg,,,,way
Talstraße,,,,way
Talweg,,,,way
Tannenwaldstraße,,,,way
Tannenweg,,,,way
"Täschners Garten",,,,way
Täschnerstraße,,,,way
Täubchenweg,,,,way
Taubenbergweg,,,,way
"Tauchaer Straße",,,,way
Taurusweg,,,,way
Teerosenweg,,,,way
Teichmannstraße,,,,way
Teichstraße,,,,way
Teichweg,,,,way
"Tennstedter Weg",,,,way
Thärigenstraße,,,,way
Theaterpassage,,,,way
"Theklaer Straße",,,,way
Theobald-Beer-Straße,,,,way
Theodor-Voigt-Straße,,,,way
Theresienstraße,,,,way
"Thierbacher Straße",,,,way
Thieriotstraße,,,,way
Thomas-Wagner-Straße,,,,way
Thomasgasse,,,,way
Thomaskirchhof,,,,way
"Thonberger Straße",,,,way
"Threnaer Straße",,,,way
Thümmelstraße,,,,way
"Thüringer Straße",,,,way
Thymianweg,,,,way
"Tiefe Straße",,,,way
Tintlingsweg,,,,way
Tirolerweg,,,,way
Titaniaweg,,,,way
Topasstraße,,,,way
Töpferstraße,,,,way
Töpferweg,,,,way
"Torgauer Platz",,,,way
"Tornauer Straße",,,,way
Torweg,,,,way
Toskastraße,,,,way
Tränkengraben,,,,way
"Trattendorfer Weg",,,,way
Traubengasse,,,,way
"Travniker Straße",,,,way
Triftsiedlung,,,,way
Triftstraße,,,,way
Triftweg,,,,way
Trinitatisplatz,,,,way
Trinitatisstraße,,,,way
Trögelweg,,,,way
Trötzschelstraße,,,,way
"Trusetaler Weg",,,,way
Tschechenbogen,,,,way
Tulpenweg,,,,way
Türkisstraße,,,,way
Turmalinstraße,,,,way
Turmgutstraße,,,,way
Turmweg,,,,way
Turnerstraße,,,,way
Uferstraße,,,,way
Uferweg,,,,way
Uhuweg,,,,way
Ulmenweg,,,,way
"Ulmer Straße",,,,way
Ulrichstraße,,,,way
Undinenweg,,,,way
Ungerstraße,,,,way
"Untere Mühlenstraße",,,,way
"Untere Nordstraße",,,,way
"Unterer Sandweg",,,,way
Unterführung,,,,way
Untergeschoss,,,,relation
Uranusstraße,,,,way
"Usedomer Straße",,,,way
Veilchenweg,,,,way
Verkehrsgarten,,,,way
"Verlängerte Max-Liebermann-Straße",,,,way
"Verlängerte Schwedenstraße",,,,way
"Verlängerte Wilhelmstraße",,,,way
"Verlauf der ehem. Start- und Landebahn 07/25",,,,way
"Verlauf ehem. Parkposition",,,,way
"Verlauf ehem. Prakposition",,,,way
"Verlauf ehem. Rollweg",,,,way
Verrinaweg,,,,way
"Vetters Hof",,,,way
Viaduktweg,,,,way
"Victoria Turn",,,,way
Vierackerwiesen,,,,way
Viertelsweg,,,,way
Vierzehn-Bäume-Weg,,,,way
Vlamenstraße,,,,way
Voigtstraße,,,,way
Volbedingstraße,,,,way
Volckmarstraße,,,,way
Volksgartenstraße,,,,way
Vollhardtstraße,,,,way
"Vor dem Hospitaltore",,,,way
"Wachauer Straße",,,,way
Wachberg,,,,way
Wachbergallee,,,,way
Wacholderweg,,,,way
Wachtelsteig,,,,way
Wächtersteg,,,,way
"Wahrener Straße",,,,way
Waldbaurstraße,,,,way
Waldblick,,,,way
Waldemar-Götze-Straße,,,,way
Waldkerbelstraße,,,,way
Waldmeisterweg,,,,way
Waldrebenweg,,,,way
Waldweg,,,,way
Waldwinkel,,,,way
Waldzieststraße,,,,way
"Wall of fame",,,,way
Walnußweg,,,,way
Walter-Albrecht-Weg,,,,way
Walter-Günther-Weg,,,,way
Walter-Heise-Straße,,,,way
"Wangerooger Weg",,,,way
Wartenburgstraße,,,,way
Wärterweg,,,,way
Wassertorbrücke,,,,way
Wasserturmstraße,,,,way
Wasserturmweg,,,,way
Wasserwerkstraße,,,,way
"Wasunger Straße",,,,way
Watestraße,,,,way
Weberknechtstraße,,,,way
"Webers Hof",,,,way
"Weg der Weisheit",,,,way
"Weg der alten Kameraden",,,,way
Wegastraße,,,,way
Weheweg,,,,way
Wehrmannstraße,,,,way
Weidenhof,,,,way
Weidenhofweg,,,,way
Weidenweg,,,,way
Weidlichstraße,,,,way
Weidmannstraße,,,,way
Weidmannweg,,,,way
Weigandtweg,,,,way
Weigelienstraße,,,,way
"Weimarer Straße",,,,way
Weinberg,,,,way
Weinbergstraße,,,,way
Weinligstraße,,,,way
Weißdornstraße,,,,way
Weißdornweg,,,,way
"Weiße Brücke",,,,way
"Weißenfelser Straße",,,,way
Weizenweg,,,,way
Werkstättenstraße,,,,way
Werkstättenweg,,,,way
Werkstraße,,,,way
"Wertheimer Straße",,,,way
West-Weg,,,,way
Weststraße,,,,way
Wetzelweg,,,,way
Wiebelstraße,,,,way
"Wiederitzscher Landstraße",,,,way
"Wiederitzscher Straße",,,,way
"Wiederitzscher Weg",,,,way
Wieselsteig,,,,way
Wieselstraße,,,,way
Wiesenblumenweg,,,,way
Wiesengrund,,,,way
Wiesenrain,,,,way
Wiesenring,,,,way
Wiesenstraße,,,,way
Wiesenweg,,,,way
Wiesenwinkel,,,,way
Wildbuschweg,,,,way
Wildentensteig,,,,way
Wildschweinpfad,,,,way
Wilhelm-Michel-Straße,,,,way
Wilhelm-Pfennig-Straße,,,,way
Wilhelm-Plesse-Straße,,,,way
Wilhelm-Sammet-Straße,,,,way
Wilhelm-Wild-Straße,,,,way
Wilhelm-Winkler-Straße,,,,way
Wilhelminenstraße,,,,way
Wilhelmsteg,,,,way
Wilhelmstraße,,,,way
Willmar-Schwabe-Straße,,,,way
"Wilsnacker Straße",,,,way
Wincklerstraße,,,,way
Windmühlenstraße,,,,way
Windmühlenweg,,,,way
"Windorfer Straße",,,,way
"Windsheimer Straße",,,,way
Wingertgasse,,,,way
Winkelweg,,,,way
Wintergartenstraße,,,,way
Winzerweg,,,,way
Wiskenstraße,,,,way
"Wittenberger Straße",,,,way
Witzgallstraße,,,,way
"Wöbbeliner Straße",,,,way
"Wognaundorfer Gasse",,,,way
"Wohnkomplex 1",,,,relation
"Wohnkomplex 2",,,,relation
"Wohnkomplex 3",,,,relation
"Wohnkomplex 4",,,,relation
"Wohnkomplex 5.1",,,,relation
"Wohnkomplex 7",,,,relation
"Wohnkomplex 8",,,,relation
"Wolfener Straße",,,,way
"Wolfshainer Straße",,,,way
"Wölkauer Weg",,,,way
Wolkenweg,,,,way
Wollkämmereistraße,,,,way
Wöllnerstraße,,,,way
"Wolteritzer Weg",,,,way
"Wörlitzer Straße",,,,way
"Würzburger Straße",,,,way
"Wurzner Straße",,,,way
Yuccaweg,,,,way
Zauberweg,,,,way
Zaucheblick,,,,way
Zaucheweg,,,,way
Zedernholzweg,,,,way
Zehmenstraße,,,,way
Zeisigweg,,,,way
"Zeitzer Straße",,,,way
Zentralstraße,,,,way
Zeppelinweg,,,,way
"Zerbster Straße",,,,way
Ziegeleiweg,,,,way
Ziegelstraße,,,,way
Ziegensteg,,,,way
Zimmerstraße,,,,way
Zimmerweg,,,,way
"Zingster Straße",,,,way
Zinnienweg,,,,way
Zirkonstraße,,,,way
"Zittauer Straße",,,,way
Zollschuppenstraße,,,,way
Zoo-Rundweg,,,,way
Zschampertaue,,,,way
"Zschochersche Allee",,,,way
"Zschochersche Straße",,,,way
"Zschölkauer Weg",,,,way
"Zschopauer Straße",,,,way
"Zschortauer Straße",,,,way
"Zu den Bruchwiesen",,,,way
"Zu den Drei Kugeln",,,,way
"Zu den Gärten",,,,way
"Zu den Wiesen",,,,way
"Zuckelhausener Ring",,,,way
"Zuckelhäuser Straße",,,,way
"Zugang Parkhaus",,,,way
"Zugangsweg Kleingarten",,,,way
"Zum Alten Seebad",,,,way
"Zum Alten Wasserwerk",,,,way
"Zum Althener Sportplatz",,,,way
"Zum Apelstein",,,,way
"Zum Auwald",,,,way
"Zum Bahnhof",,,,way
"Zum Birkenwäldchen",,,,way
"Zum Denkmal",,,,way
"Zum Dölitzer Schacht",,,,way
"Zum Feld",,,,way
"Zum Förderturm",,,,way
"Zum Forstgut",,,,way
"Zum Frischemarkt",,,,way
"Zum Graben",,,,way
"Zum Gut",,,,way
"Zum Haksch",,,,way
"Zum Harfenacker",,,,way
"Zum Kalten Born",,,,way
"Zum Kleewinkel",,,,way
"Zum Kleingartenpark",,,,way
"Zum Leutzscher Holz",,,,way
"Zum Lippenplan",,,,way
"Zum Rosengarten",,,,way
"Zum Schwinderplan",,,,way
"Zum Sonnenblick",,,,way
"Zum Wald",,,,way
"Zum Waldbad",,,,way
"Zum Wäldchen",,,,way
"Zum Wasserturm",,,,way
"Zum Winkel",,,,way
"Zur Alten Bäckerei",,,,way
"Zur Alten Brauerei",,,,way
"Zur Alten Mühle",,,,way
"Zur Alten Schmiede",,,,way
"Zur Alten Weintraube",,,,way
"Zur Bauernwiese",,,,way
"Zur Grünen Ecke",,,,way
"Zur Heide",,,,way
"Zur Lehmbahn",,,,way
"Zur Lindenhöhe",,,,way
"Zur Loberaue",,,,way
"Zur Reitbahn",,,,way
"Zur Rodelbahn",,,,way
"Zur Sägemühle",,,,way
"Zur Schule",,,,way
"Zur Waldenau",,,,way
"Zur Weißen Mark",,,,way
"Zur Ziegelei",,,,way
"Zweenfurther Straße",,,,way
"Zweinaundorfer Straße",,,,way
"Zwenkauer Straße",,,,way
Zwergasternweg,,,,way
Zwergenweg,,,,way
Zwergmispelstraße,,,,way
Zwetschgenweg,,,,way
Zwiebelweg,,,,way
"ehem. Bahnstrecke Connewitz–Plagwitz, sä. LP",,,,way
"ehem. Stammgleis PVI",,,,way
